alpha, regret
0.0,0.4124530268106711
0.2,0.41091892639595834
0.4,0.41052379333764893
0.6,0.40549461557064803
0.8,0.40773066612450587
1.0,0.40961009133147325