,Noise,,,,
Budget,0.0,0.2,0.6,1,
50,0.407007514,0.409552989,0.409533159,0.410487913,
200,0.438771643,0.439771934,0.433233519,0.44295313,
1000,0.600099509,0.575502373,0.565287863,0.575400706,
2000,0.835694661,0.763597024,0.740062747,0.723200153,
