Mult, Acc
0.001, 0.466
0.0005, 0.501
0.00025, 0.573
0.0001, 0.616
0.00005, 0.616